question,image,choice1,choice2,choice3,choice4,bloque
Que quere dicir que a electricidade sexa un fenómeno natural?,,Que non foi inventada,Que se inventou hai moitísimo tempo,Que non se pode xerar artificialmente,Que é ecolóxica,electricidade
"A electricidade e o magnetismo son 2 ____________ do mesmo fenómeno, o electromagnetismo",,Manifestacións,Efectos,Forzas,Magnitudes,electricidade
"A palabra electricidade vén do grego elektron, que significa...",,ámbar,electricidade,imán,lóstrego,electricidade
Como se chamaba o grego que lle deu o nome á electricidade?,,Tales,Pitágoras,Theodorakis,Aristóteles,electricidade
Cando comezou a falarse da electricidade e a interesarse pola súa natureza?,,"Arredor do ano 600AC, na civilización grega","A finais do século XVIII, coa revolución científica","A finais do século XIX, coa lámpada eléctrica","No século XV, coa pila de volta e os experimentos de Galvany",electricidade
Cando dicimos que se dá comezo ao uso da electricidade de xeito comercial?,,"A finais do século XIX, coa lámpada eléctrica",Na época dos antiguos gregos,"Coa revolución científica, a finais do século XVIII","A mediados do século XX, coa invención do transistor",electricidade
"A experimentación científica coa electricidade comezou, aproximadamente...",,A finais do século XVIII,A finais do século XIX,A principios do século XX,A finais do século XVII,electricidade
"Que feito histórico coincidiu no tempo, aproximadamente, co comezo da experimentación científica coa electricidade?",,A Revolución Francesa,O Descubrimento de América,A chegada do home á Lúa,A fundación do Imperio Romano,electricidade
Cal non pertence á época da revolución científica?,,Edison,Galvani,Volta,Faraday,electricidade
Con que descubrimento dicimos que comezou o uso da electricidade de xeito comercial,,A lámpada eléctrica,A pila de Volta,O ámbar frotado contra algún tecido,O transistor,electricidade
A implantación e desenvolvemento comercial da electricidade comezou coa lámpada eléctrica...,,A finais do século XIX,A comezos do século XX,A mediados do século XX,A comezos do século XIX,electricidade
"A era da información e a comunicación tamén se desenvolve sobre a electricidade, e o compoñente fundamental sobre o que se asenta é...",,O transistor,A lámpada eléctrica,O electroimán,O relé,electricidade
Cando está cargado un corpo?,,cando ten máis cargas dun signo que doutro,cando ten igual número de cargas positivas e negativas,cando ten máis cargas positivas que negativas,cando ten máis cargas negativas que positivas,electricidade
Cando dicimos que un corpo está cargado?,,"Cando ten máis electróns que protóns, ou ao revés",Cando ten todas as cargas,Cando ten máis cargas de signo positivo que de signo negativo,Cando ten máis cargas de signo negativo que de signo positivo,electricidade
Cal é a unidade de carga eléctrica?,,O Coulomb,O Vatio,O Joule,O Amperio,electricidade
A canto equivale a unidade de carga?,,"6,2 x 10e18 electróns","6,2 x 10e12 electróns","6,2 x 10e6 electróns","6,2 x 10e3 electróns",electricidade
Que partículas do átomo están cargadas?,,"os electróns, negativamente, e os protóns, positivamente","os electróns, negativamente, e os neutróns, positivamente","os protóns, positivamente, e os neutróns, negativamente","os electróns, positivamente, e os protóns, negativamente",electricidade
Que é unha corrente eléctrica?,,Un fluxo de electróns a través dun medio,Un fluxo de protóns a través dun medio,Un conxunto de electróns en movemento,Un desprazamento de calquera tipo de partículas eléctricas,electricidade
Que NON é unha corrente eléctrica?,,Un conxunto de electróns almacenados nun punto determinado,Electróns movéndose a través dun condutor,Electróns que van dun polo a outro dun circuíto.,Un fluxo eléctrico a través dun medio,electricidade
Cal é un material condutor,,O aluminio,A auga destilada,O aire,O plástico,electricidade
Cal é un material illante?,,A auga destilada,O cobre,O grafito,A auga salgada,electricidade
Cal destes é un material illante?,,O vidro,A auga con sal,O aluminio,O grafito,electricidade
Cal destes é un material illante?,,O plástico,A auga con sal,O aluminio,O grafito,electricidade
Un material illante presentará,,Unha resistencia moi alta,Unha resistencia moi baixa,Unha conductividade moi baixa,Unha corrente moi alta,electricidade
Un material condutor presentará,,Unha resistencia moi baixa,Unha resistencia moi alta,Unha conductividade moi baixa,Unha corrente moi alta,electricidade
Un material condutor presentará..,,Unha resistencia moi baixa,Unha resistencia moi alta,Unha oposición alta ao paso da corrente,Unha mala condutividade,electricidade
Que fenómeno dicimos que é outra expresión da electricidade?,,O magnetismo,A calor,A luz,O movemento,electricidade
Cal dos seguintes dispositivos eléctricos NON produce ningún movemento?,,Un LED,Un motor,Un altofalante,Un actuador liñal,electricidade
Un motor eléctrico polo que pasa unha corrente produce... ,,Movemento e calor.,Movemento.,Calor.,Electromagnetismo.,electricidade
Os efectos da corrente eléctrica que nomeamos son:,,"Luz, calor, movemento e son.","Electromagnetismo, luz, calor e movemento.","Electroluminiscencia, calor, movemento e son.","Enerxía, movemento, calor e son",electricidade
"Sempre que hai unha corrente eléctrica, prodúcese...",,Calor,Resistencia eléctrica,Voltaxe,Carga eléctrica,electricidade
Cal non se corresponde coa corrente continua?,,adoitamos manexar grandes voltaxes con ela,Sempre ten o mesmo sentido,é a que proporcionan as baterías e pilas,podemos obtela de adaptadores de rede,electricidade
Cal NON se corresponde coa corrente alterna?,,É a que nos dan as pilas e baterías,Cambia continuamente de sentido,"É a que vén da rede, é dicir, dos enchufes",Adoitamos manexar voltaxes maiores que coa corrente continua,electricidade
Que aparato funciona con Corrente Alterna?,,Lavadora,Ordenador,Reloxio dixital,Teléfono móbil,electricidade
Cal destes aparellos funciona con corrente continua?,,Un teléfono móbil,Un secador do pelo,Unha impresora,Unha lavadora,electricidade
Cal NON se corresponde coa corrente alterna?,,Adoitamos manexar voltaxes menores que coa corrente continua,Cambia continuamente de sentido,"Podémola obter da rede, é dicir, nos enchufes",Podemos obtela a partir de corrente continua grazas a un adaptador,electricidade
Cal NON se corresponde coa corrente continua?,,Adoitamos manexar grandes voltaxes con ela,Sempre ten o mesmo sentido,É a que nos dan as pilas e baterías,Podémola obter da rede grazas aos adaptadores de corrente,electricidade
Que nos indica a Voltaxe dun xerador?,,A enerxía que nos pode proporcionar cada unidade de carga,A oposición que este exercerá fronte ao corrente que o atravesa,Que cantidade de electróns nos dará nunha unidade de tempo.,A enerxía que nos proporcionará ese xerador por unidade de tempo,electricidade
Que nos indica a voltaxe dunha pila?,,A enerxía que nos poderá proporcionar cada unidade de carga desa pila,A cantidade de electróns por segundo que poderán saír desa pila,A potencia eléctrica que desenvolverá esa pila nun circuíto eléctrico,"A cantidade de electróns que hai almacenados nesa pila, é dicir, a súa carga.",electricidade
Cal frase estaría ben expresada?,,"Por favor, mide a intensidade que pasa por ese cable","Por favor, mide a voltaxe que pasa por ese cable","Por favor, mide a resistencia que pasa por ese cable","Por favor, mide a potencia que pasa por ese cable",electricidade
Que é a Intensidade dunha corrente?,,A cantidade de electróns que pasan por un punto nun tempo determinado,A enerxía desa corrente,A oposición que presenta un material a ser atravesado polos electróns,A enerxía producida polos electróns ao atravesar un compoñente determinado,electricidade
"Si por un circuíto pasan 5 000 000 electrones en 1 segundo, que intensidad estará pasando?",,Mucho menos de un amperio,Muchísimos amperios,Pocos amperios,Un amperio,electricidade
"Si por un circuíto pasa un amperio, cantos electróns estarán a circular por el?",,Trillóns cada segundo,Miles,Millóns,Trillóns,electricidade
Que é a Resistencia dun elemento,,A oposición que presenta un corpo a ser atravesado polos electróns,Un indicador da facilidade coa que a corrente atravesa un corpo,A cantidade de calor que xera un compoñente ao ser atravesado pola corrente eléctrica,"A enerxía eléctrica que perde un compoñente nun circuíto, ao ser atravesado por unha corrente",electricidade
Cal destas é unha expresión CORRECTA da Lei de Ohm?,,R=V/I,R=I/V,R=V·I,R.V=I,electricidade
Cal das seguintes sería unha expresión incorrecta da lei de Ohm?,,R=I.V,I=V/R,I.R=V,R=V/I,electricidade
Tes un circuíto conectado a unha voltaxe de  20 V polo que ves que pasa unha corrente de 10 A. Cal é a resistencia que ten ese circuíto?,,2Ω,200Ω,"0,5Ω",1Ω,electricidade
Conecto unha resistencia de 100 Ω nun circuíto cunha pila de 9 V. Que intensidade circula?,,"0,09 A",900 A,"0,9 A","11,11 A",electricidade
Tes un circuíto dunha resistencia de 4 ohmnios conectado a unha pila de 8V. Que intensidade circulará?,,2 A,32 A,"0,5 A",12 A,electricidade
Comprobo que a intensidade que circula por un circuíto é de 2 A e vexo que está alimentado a 6V. Que resistencia hai no circuíto?,,3Ω,12Ω,"0,33Ω",2/6Ω,electricidade
Tes un circuíto de resistencia de 3 ohmnios polo que pasa unha intensidade de 9A. A que voltaxe estará conectado ese circuíto?,,27 V,"0,33 V",3 V,12 V,electricidade
"Nun circuíto cunha resistencia de 100 Ω comprobo que a intensidade é de 0,5 A. Cal é a voltaxe?",,50V,200V,5V,"0,005V",electricidade
"Tes un circuíto cunha voltaxe determinada conectada a unha resistencia. Substitúes esa resistencia por unha de maior valor, que vai pasar no circuíto?",,"A cantidade de electróns que van pasar pola resistencia cada unidade de tempo, será menor","A cantidade de electróns que van pasar pola resistencia cada unidade de tempo, aumentará",A cantidade de electróns que van pasar pola resistencia cada unidade de tempo non se verá afectada,A intensidade que pasa pola resistencia será maior,electricidade
"Tes un circuíto cunha voltaxe determinada conectada a unha resistencia. Substitúes esa resistencia por unha de menor valor, que vai pasar?",,"A cantidade de electróns que van pasar pola resistencia cada unidade de tempo, aumentará","A cantidade de electróns que van pasar pola resistencia cada unidade de tempo, diminuirá",A cantidade de electróns que van pasar pola resistencia cada unidade de tempo non se verá afectada,A intensidade que pasa pola resistencia será máis pequena,electricidade
"Estás medindo a intensidade que pasa por unha resistencia que non varía.  Nun intre determinado, observas que o valor da intensidade reduce á metade. Que terá pasado?",,"A voltaxe do circuíto reduciuse, tamén, á metade",A voltaxe do circuíto duplicouse,Non se pode saber sen coñecer a voltaxe á que está conectado o circuíto,A cantidade de electróns que pasan polo circuíto está a aumentar por algún motivo,electricidade
"Estás a medir a intensidade que pasa por unha resistencia que non varía.  Nun intre determinado, observas que o valor da intensidade se duplica. Que terá pasado?",,A voltaxe do circuíto se duplicou tamén,A voltaxe do circuíto reduciuse a metade,Non se pode saber sen coñecer a voltaxe á que está conectado o circuíto,A cantidade de electróns que pasan polo circuíto está a reducirse por algún motivo,electricidade
Que potencia eléctrica xerará un compoñente que funcione a 3 V e 2 A?,,6W,5W,"1,5W","0,67W",electricidade
"Que calor nos dará un circuíto durante 10 segundos, se a voltaxe é de 9 V e a intensidade de 2A?",,180 J,"1,8 J",45 J,"4,5 J",electricidade
Un circuíto que consume unha potencia de 10 W funciona durante 5 segundos. Que enerxía consumiu nese tempo?,,50 J,2 J,10 J,"0,5 J",electricidade
Cal é a carga dun átomo no seu estado natural?,, neutra,positiva,negativa,depende do átomo,electricidade
Cal é a unidade elemental de Voltaxe?,,O Voltio (V),O Ohmnio (Ω),O Amperio (A),O Vatio (W),electricidade
Cal delas NON corresponde a un circuíto eléctrico?,,Se produce sempre que hai unha corrente eléctrica.,Sempre ten que haber un elemento que forneza enerxía eléctrica.,Sempre produce calor.,Sempre haberá algunha transformación de enerxía.,circuítos
Cales son os tipos de elementos que podo atopar nun circuíto eléctrico?,,"Xeradores, condutores, receptores e elementos de control","Xeradores, condutores, aparatos eléctricos e elementos de control","Xeradores, cables, interruptores e conmutadores","Pilas, cables, resistencias e interruptores",circuítos
"Se xuntamos dúas pilas de 1,5V deste xeito... cal será a voltaxe total?",images/duasPilasSerie.png,3V,"1,5V","0,75V","1,33V",circuítos
Se xuntamos dúas resistencias de 4Ω deste xeito... cal será a súa resistencia equivalente?,images/2ResisParalelo.png,2Ω,4Ω,8Ω,3Ω,circuítos
Como se chaman os elementos dun circuíto que fornecen os electróns?,,Xeradores,Receptores,Condutores,Elementos de control,circuítos
Como se chaman os elementos dun circuíto que transforman a electricidade noutro tipo de enerxía?,,Receptores,Xeradores,Transformadores,Elementos de control,circuítos
Como se chaman os elementos dun circuíto que permiten o paso da corrente entre un compoñente e outro?,,Condutores,Xeradores,Elementos de control,Receptores,circuítos
Como se chaman os elementos dun circuíto que nos permiten facer que a corrente circule por onde nós queremos?,,Elementos de control,Xeradores,Condutores,Receptores,circuítos
Cal non é un xerador?,,Motor,Pila,Batería,Toma de rede,circuítos
Cal consideramos un condutor?,,Cable,Interruptor,Pulsador,Aluminio,circuítos
Cal non sería un receptor?,,Pila,Motor,Lámpada,Resistencia,circuítos
Cal non é un elemento de control?,,Cable,Interruptor,Pulsador,Conmutador,circuítos
A que compoñente se corresponde o símbolo da figura?,images/pilaSimbolo.png,Batería ou pila,Xerador de corrente alterna,Motor,Toma de terra,circuítos
A que compoñente se corresponde o símbolo da figura?,images/xeradorAC.png,Xerador de corrente alterna,Batería ou pila,Lámpada,Motor eléctrico,circuítos
A que compoñente se corresponde o símbolo da figura?,images/pulsadorSimbolo.png,pulsador,interruptor,conmutador,pila,circuítos
A que compoñente se corresponde o símbolo da figura?,images/interruptorSimbolo.png,interruptor,conmutador,pulsador,botón,circuítos
A que compoñente se corresponde o símbolo da figura?,images/conmutadorSimbolo.png,conmutador,interruptor,pulsador,fusible,circuítos
A que compoñente se corresponde o símbolo da figura?,images/resistenciaSimbolo.png,resistencia,pila,lámpada,interruptor,circuítos
A que compoñente se corresponde o símbolo da figura?,images/resistenciaSimbolo2.png,resistencia,lámpada,pila,interruptor,circuítos
A que compoñente se corresponde o símbolo da figura?,images/ledSimbolo.png,LED,lámpada,Altofalante,Motor,circuítos
A que compoñente se corresponde o símbolo da figura?,images/lampadaSimbolo.png,Lámpada,LED,Motor,Patrulla X,circuítos
A que compoñente se corresponde o símbolo da figura?,images/zoadorSimbolo.png,zoador,altofalante,motor,Xerador Alterna,circuítos
A que compoñente se corresponde o símbolo da figura?,images/altofalanteSimbolo.png,altofalante,zoador,xerador alterna,Xerador de continua,circuítos
A que compoñente se corresponde o símbolo da figura?,images/motorSimbolo.png,motor,zoador,watiímetro,lámpada,circuítos
A que compoñente se corresponde o símbolo da figura?,images/terraSimbolo.png,terra,pila,antena,receptor,circuítos
Como están conectadas as resistencias da figura?,images/3ResisSerie.png,Serie,Liña,Paralelo,Mixto,circuítos
Como están conectadas as resistencias da figura?,images/3ResisParalelo.png,Paralelo,lateral,Serie,mixto,circuítos
Como están conectadas as resistencias da figura?,images/3ResisMixto.png,Mixto,Paralelo,Serie,composto,circuítos
Cal será a voltaxe total das tres pilas?,images/3PilasSerie.png,6V,2V,2/3V,8V,circuítos
Cal será a voltaxe total das tres pilas?,images/3PilasParalelo.png,2V,6V,2/3V,8V,circuítos
Cal será o valor da resistencia equivalente?,images/3ResisSerie223.png,7Ω,12Ω,6/8Ω,8/6Ω,circuítos
Cal será o valor da resistencia equivalente?,images/3ResisParalelo666.png,2Ω,18Ω,"0,5Ω",3/6Ω,circuítos
Cal será o valor da resistencia equivalente?,images/3ResisParalelo422.png,4/5Ω,5/4Ω,3/8Ω,8/3Ω,circuítos
Cal será o valor da resistencia equivalente?,images/2ResisParalelo36.png,2Ω,"0,5Ω",9Ω,3Ω,circuítos
Cal será o valor da resistencia equivalente?,images/3ResisMixto422.png,5Ω,8Ω,4Ω,6Ω,circuítos
Cal será o valor da resistencia equivalente?,images/3ResisMixto436.png,6Ω,13Ω,"4,5Ω",3Ω,circuítos
Cal será o valor da resistencia equivalente?,images/4ResisMixto4466.png,5Ω,20Ω,"1,2Ω",10Ω,circuítos
Que diferencias de funcionamento haberá entre o circuíto 1 e 2?,images/2circSimples.png,Ningunha,"No circuíto 2, o led acende aínda que non cerremos o interruptor","Os dous leds acenden ao premer o interruptor, pero o 2 un chisco antes","Os dous leds acenden ao premer o interruptor, pero o 1 un chisco antes",circuítos
"Cal é falsa, para o circuíto da figura?",images/2receptoresSerie.png,O led -a- acenderá un chisco antes que o -b-,A intensidade que circula polos dous leds é a mesma,Os dous leds acenderán ao premer o interruptor,"Se o led -b- se queima, o -a- deixará de funcionar",circuítos
"Cal é falsa, para o circuíto da figura?",images/2resisSerie.png,As dúas resistencias están sometidas á mesma voltaxe,"Se o interruptor pecha, pasará intensidade polas dúas resistencias",Polas dúas resistencias pasará sempre a mesma intensidade,Se desconecto a resistencia -b- non pasará corrente polo circuíto,circuítos
"Cal é falsa, para o circuíto da figura?",images/2resisParalelo.png,A intensidade que pasa polas dúas resistencias é a mesma,As dúas resistencias están sometidas á mesma voltaxe,"Se desconecto a resistencia -a-, seguirá a pasar corrente pola -b-",A intensidade total do circuíto será a suma da intensidade por -a- e a intensidade por -b-,circuítos
Que será certo para a intensidade que pasa pola resistencia -a-?,images/2resisParalelo.png,Pasará o doble de intensidade que pola resistencia -b-,Pasará a mesma intensidade que pola resitencia -b-,Pasará a metade de intensidade que pola resistencia -b-,Por ela pasará a metade da intensidade total do circuíto,circuítos
Por cal resistencia pasará máis intensidade?,images/3resisParalelo.png,Pola -a-,Pola -b-,Pola -c-,Por todas pasará a mesma,circuítos
Que pasará neste circuíto se conecto a resistencia -c- ?,images/3resisParaleloQue.png,A intensidade total aumentará respecto a cando había dúas,A voltaxe á que están sometidas ás resistencias disminuirá respecto a cando había dúas,A voltaxe á que están sometidas ás resistencias aumentará respecto a cando había dúas,A intensidade total disminuirá respecto a cando había dúas,circuítos
"Cal é falsa, para o circuíto da figura?",images/2IntSerie.png,"Se cerramos un ou outro interruptor, pasará corrente pola resistencia","Se cerramos un e outro interruptor, pasará corrente pola resistencia","Se cerramos os dous interruptores, pasará corrente pola resistencia",Só pasará corrente pola resistencia se cerramos todos os interruptores,circuítos
Para que poderías empregar o circuíto da figura?,images/2IntSerieMotor.png,Unha motoserra que actúa só cando premo dous interruptores,Un ventilador que se acende desde dous puntos distintos,Unha alarma que se acende desde calquera dos dous interruptores,Un taladro que pode ser accionado cun interruptor ou con outro,circuítos
"Cal é falsa, para o circuíto da figura?",images/2IntParalelo.png,A corrente pasará cando cerremos os dous interruptores,"Se cerramos un ou outro interruptor, pasará corrente pola resistencia","Para que pase a corrente, podemos cerrar calquera dos dous interruptores",A corrente pasa sempre que haxa polo menos un interruptor cerrado,circuítos
"Cal é falsa, para o circuíto da figura?",images/ledCurtocircuito.png,O led -a- acenderá,O led -a- está curtocircuitado,A intensidade non pasará polo led -a- porque ten un camiño alternativo sen resistencia,O led -b- acenderá,circuítos
Cal é certa para o circuíto da figura?,images/2IntSerieTricky.png,Só pasará corrente pola resistencia con 1 e 2 cerrados,Se cerro o interruptor 1 pasará corrente pola resistencia,Se cerro o interruptor 2 pasará corrente pola resistencia,"Se cerro calquera dos dous interruptores, pasará corrente",circuítos
Cando pasará corrente pola resistencia?,images/2IntMixtoTricky.png,Só se 2 está cerrado e 1 abert,Se cerramos 1 e 2,"Cerrando o 2, independentemente de como estea 1",Cerrando o 2 ou o 1,circuítos
Como están conectadas as resistencias na breadboard?,images/brboardSerieParalelo01.png,"1 en paralelo, 2 en serie",As dúas en serie,As dúas en paralelo,"1 en serie, 2 en paralelo",circuítos
Como están conectadas as resistencias na breadboard?,images/brboardSerieParalelo02.png,As dúas en serie,"1 en serie, 2 en paralelo","1 en paralelo, 2 en serie",As dúas en paralelo,circuítos
Por que resistencias pasará corrente?,images/brboardBenConectadas01.png,Por 1 e 2,Por todas,Por 2 e 3,Por ningunha,circuítos
Que montaxes se corresponden co esquema?,images/brboardResisCircuito.png,1,2,3,ningún,circuítos
Cal é falsa para o circuíto da figura?,images/2Int3leds.png,Podo acender -c- sen acender -a- e -b-,"Co interruptor 1 aberto, non acenderá nada",O interruptor 1 acende -a- e -b-,"Cos dous interruptores premidos, acenden todos os leds",circuítos
Cando acenderá o led verde?,images/brBoard2PulsXeralSecundario.png,Se teño premidos os dous pulsadores,Se premo o pulsador da dereita,Se premo o pulsador da esquerda,En ningún caso,circuítos
Cal é falsa para o circuíto da figura?,images/brBoard2PulsXeralSecundario.png,Podo acender o led verde sen que acenda o led vermello,Para acender o led verde teño que ter premido o pulsador da esquerda,Para acender o led verde teño que ter premido o pulsador da dereita,O led vermello acende cando premo o pulsador da dereita,circuítos
A que esquema se corresponde o circuíto da breadboard?,images/brBoard2PulsXeralSecEsquemas.png,Ao rosa,Ao azul,Ao verde,Ao laranxa,circuítos
"Cal será certa, para o circuíto da figura?",images/2IntResisLedCorto.png,O led acenderá se unicamente está pechado  -a-,O led non acenderá cando  -b- estea aberto,O led acenderá cando prema os dous interruptores,"O led acenderá ao premer -a-, estea como estea -b-",circuítos
Que leds acenderán?,images/6ledAcenden.png,"O 2,3,4 e 6",O 1 e o 5,Ningún,O 3 e o 4,circuítos
Que leds acenderán?,images/2CircLedAcenden.png,O 1 e o 3,"O 1, 3, 4 e 6",Ningún,Todos,circuítos
Que leds acenderán?,images/3LedsCortoAcenden.png,Ningún,O 3,O 2 e o 3,Todos,circuítos
Que leds acenderán?,images/4LedsCortoAcenden.png,O 4,Todos,"O 1, 3 e 4",Ningún,circuítos
Quero que o led acenda cando premo o pulsador. Hai algún fallo?,images/brbrUnLedPulsadorTricky.png,Os cables non están nos terminais correctos do pulsador,O led está posto do revés,A resistencia non está conectada ao led,"Non hai fallos, vai acender",circuítos
Quero que o led acenda só cando premo os dous pulsadores. Hai algún fallo?,images/brbr2pulsadoresSerieTricky.png,Ningún,O led acenderá cando prema calquera dos interruptores,O cable verde non conecta os terminais correctos dos interruptores,A resistencia non está conectada no terminal correcto do pulsador,circuítos
Que cable teño que quitar para que o led acenda desde calquera dos dous pulsadores?,images/2pulsParaleloQuitaCable.png,O laranxa,O verde,O azul,O amarelo,circuítos
Por que circuíto circulará máis corrente?,images/leiOhmSameVolt.png,Polo 1,Polo 2,Polo 3,Polo 4,circuítos
Por que circuíto circulará máis corrente?,images/leiOhmSameRes.png,Polo 2,Polo 1,Polo 3,Polo 4,circuítos
Por que circuíto circulará máis corrente?,images/leiOhmSameVoltDecimalOhm.png,Polo 3,Polo 2,Polo 1,Polo 4,circuítos
Por que circuíto circulará máis corrente?,images/leiOhmSameVoltKohm.png,Polo 2,Polo 1,Polo 3,Polo 4,circuítos
Por que circuíto circulará máis corrente?,images/leiOhmDifVoltDifRes.png,Polo 4,Polo 1,Polo 2,Polo 3,circuítos
Partimos do circuíto negro. Que pasará cando conectemos a resistencia en verde?,images/2ResisParaleloTricky44.png,A intensidade total do circuíto aumentará,A voltaxe á que está sometida -a- disminuirá,A intensidade total do circuíto disminuirá,A intensidade total do circuíto non variará,circuítos
Partimos do circuíto negro. Que pasará cando conectemos a resistencia en verde?,images/2ResisParaleloTricky44.png,Por -b- pasará a mesma intensidade que por -a-,A voltaxe de -a- será a metade que antes,A resistencia equivalente no circuíto será de 4Ω,A intensidade total do circuíto non variará,circuítos
"Partimos do circuíto negro. Se conectamos a parte en verde, cal será falsa?",images/2ResisParaleloTricky44.png,A intensidade total disminuirá,Por -b- pasará unha itensidade igual á que pasa por -a-,A voltaxe de -b- será a mesma que a de -a-,A intensidade que pasa por -a- non variará,circuítos
Cal é a unidade elemental de Intensidade?,,O Amperio (A),O Ohmnio (Ω),O Voltio (V),O Vatio (W),electricidade
Cal é a unidade elemental de Resistencia?,,O Ohmnio (Ω),O Voltio (V),O Amperio (A),O Vatio (W),electricidade
Cal é a unidade elemental de Potencia?,,O Vatio (W),O Voltio (V),O Amperio (A),O Ohmnio (Ω),electricidade
Cal é falsa para o circuíto da figura?,images/brBr2IntParalelo.png,O led non acenderá nunca,O led acenderá cando prema o interruptor esquerdo,O led acenderá se premo o pulsador dereito,"Se teño premidos os dous interruptores, o led acenderá",circuítos
Cales leds acenderán cando prema o pulsador?,images/brBr3Led1intCalAcende.png,O verde e o vermello,O azul e o vermello,O vermello,O azul e o verde,circuítos
Cal é certa para o circuíto da figura?,images/brBr2int2LedParalelo.png,Cada o interruptor acende un led,Non poderei acender o led verde se non premo o interruptor da dereita,"Se premo o pulsador da dereita, acenden os dous leds","O verde está sempre aceso, aínda que non prema ningún pulsador",circuítos
Cando acenderá o led -b-?,images/3ledParal3IntAcenden.png,Sempre que estea pechado o interruptor 1,"Con 1 pechado, 2 aberto e 3 aberto","Con 1 pechado, 2 aberto e 3 pechado","Con 1 pechado, 2 pechado e 3 aberto",circuítos
Podo acender só o led -a-?,images/3ledParal4IntAcenden.png,Non,"Si,premendo 1 e 2","Si, premendo 1, 2 e 3","Si, premendo 1 e 3",circuítos
Cantos ohmnios son 13 KΩ?,,13000Ω,1300Ω,130Ω,13Ω,unidades
"Cantos ohmnios son 2,2 KΩ?",,2200Ω,22000Ω,"22,0000Ω",220Ω,unidades
Cantos ohmnios son 47 KΩ?,,47000Ω,4700Ω,470Ω,"4,7Ω",unidades
"Cantos ohmnios son 0,33KΩ?",,330Ω,3300Ω,33000Ω,33Ω,unidades
Cantos KΩ son 4700Ω?,,"4,7KΩ",47KΩ,470KΩ,"0,47KΩ",unidades
Cantos KΩ son 100000Ω?,,100KΩ,10KΩ,1000KΩ,1KΩ,unidades
Cantos KΩ son 680Ω?,,"0,68KΩ","6,8KΩ","0,068KΩ","0,0068KΩ",unidades
Cantos microfaradios terá un Faradio?,,1000000,10000000,1000,"0,000001",unidades
Cantos faradios é un microfaradio?,,"0,000001","0,0000001",1000000,"0,001",unidades
"Cantos  µF son 0,01 F?",,10000,1000,100000,1000000,unidades
Cantos F son 220 µF?,,"0,00022","0,0022","0,022","0,22",unidades
Cal será a voltaxe no punto -a-?,images/voltEnA644.png,3V,6V,4V,Non se pode saber sen o dato da intensidade,lei de ohm
Cal será a voltaxe no punto -a-?,images/voltEnA60044.png,300V,3V,400V,150V,lei de ohm
Cal será a voltaxe no punto -a-?,images/voltEnA622.png,3V,6V,2V,4V,lei de ohm
Cal será a voltaxe no punto -a-?,images/voltEnA62K2K.png,3V,3KV,"0,003V","0,00003V",lei de ohm
Cal será a voltaxe no punto -a-?,images/voltEnA61K1.png,Case cero voltios,Case 6V,Sobre 3V,máis de 6V,lei de ohm
Cal será a voltaxe no punto -a-?,images/voltEnA611K.png,Case 6V,Case 0V,Sobre 3V,máis de 6V,lei de ohm
Cal será a voltaxe no punto -a-?,images/voltEnA642.png,2V,4V,3V,6V,lei de ohm
Cal será o valor da resistencia da figura?,images/1kOhm.png,1 KΩ,10 KΩ,10000 Ω,100 Ω,valores resistencias
Cal será o valor da resistencia da figura?,images/1MOhm.png,1 MΩ,100KΩ,10000000 Ω,10 MΩ,valores resistencias
Cal será o valor da resistencia da figura?,images/2k2Ohm.png,2200 Ω,220 Ω,22 KΩ,222 Ω,valores resistencias
Cal será o valor da resistencia da figura?,images/2K7Ohm.png,"2,7 KΩ",272 Ω,27000 Ω,270 Ω,valores resistencias
Cal será o valor da resistencia da figura?,images/3Ohm.png,3 Ω,30 Ω,"0,3 Ω",3 KΩ,valores resistencias
Cal será o valor da resistencia da figura?,images/10KOhm.png,10 KΩ,1 KΩ,100 KΩ,103 Ω,valores resistencias
Cal será o valor da resistencia da figura?,images/15KOhm.png,15000 Ω,"1,5 KΩ",1500 Ω,150 Ω,valores resistencias
Cal será o valor da resistencia da figura?,images/33Ohm.png,33 Ω,"3,3 Ω","0,33 Ω",330 Ω,valores resistencias
Cal será o valor da resistencia da figura?,images/82MOhm.png,82000000 Ω,8200000Ω,820000000 Ω,820 MΩ,valores resistencias
Cal será o valor da resistencia da figura?,images/100Ohm.png,100 Ω,101 Ω,10 Ω,1000 Ω,valores resistencias
Cal será o valor da resistencia da figura?,images/220Ohm.png,220 Ω,22 Ω,222 Ω,"2,2KΩ",valores resistencias
Cal será o valor da resistencia da figura?,images/330Ohm.png,330 Ω,"0,033 KΩ",33 Ω,"3,3 KΩ",valores resistencias
Cal será o valor da resistencia da figura?,images/470KOhm.png,470 KΩ,471000 Ω,"4,7 KΩ",47 KΩ,valores resistencias
Cal será o valor da resistencia da figura?,images/470Ohm.png,470 Ω,47 KΩ,47 MΩ,47 Ω,valores resistencias
Que cores terá unha resistencia de 330 Ω?,images/colorCode.png,laranxa - laranxa - marrón,laranxa - laranxa - negro,laranxa - marrón - laranxa,vermello - laranxa - marrón,valores resistencias
Que cores terá unha resistencia de 33 Ω?,images/colorCode.png,laranxa - laranxa - negro,laranxa - laranxa - branco,laranxa - negro - laranxa,laranxa - negro - negro,valores resistencias
Que cores terá unha resistencia de 220 Ω?,images/colorCode.png,vermello - vermello - marrón,vermello - vermello - negro,vermello - vermello - vermello,vermello - marrón - marrón,valores resistencias
Que cores terá unha resistencia de 1 KΩ?,images/colorCode.png,marrón - negro - vermello,marrón - negro - laranxa,marrón - negro - amarelo,marrón - negro - marrón,valores resistencias
Que cores terá unha resistencia de 10 KΩ?,images/colorCode.png,marrón - negro - laranxa,marrón - negro - vermello,marrón - negro - negro,marrón - negro - amarelo,valores resistencias
Que cores terá unha resistencia de 100 KΩ?,images/colorCode.png,marrón - negro - amarelo,marrón  - negro - laranxa,marrón - negro - vermello,marrón - negro - verde,valores resistencias
"Que cores terá unha resistencia de 2,2 KΩ?",images/colorCode.png,vermello - vermello - vermello,vermello - vermello - marrón,vermello - vermello - laranxa,vermello - vermello - verde,valores resistencias
Que cores terá unha resistencia de 470 Ω?,images/colorCode.png,amarelo - morado - marrón,morado - amarelo - marrón,marrón - amarelo - morado,amarelo - marrón - morado,valores resistencias
Que cores terá unha resistencia de 47 KΩ?,images/colorCode.png,amarelo - morado - laranxa,amarelo - morado - amarelo,amarelo - morado - morado,amarelo - morado - vermello,valores resistencias
Que cores terá unha resistencia de 100 Ω?,images/colorCode.png,marrón -  negro - marrón,marrón - marrón - marrón,marrón - negro - negro,marrón - marrón - negro,valores resistencias
Teño unha resistencia de 100 Ω cunha tolerancia do 5%. Que valores serían admisibles?,,entre 95 e 105 Ω,entre 95 e 100 Ω,"entre 97,5 e 102,5 Ω",entre 100 e 105 Ω,valores resistencias
Teño unha resistencia de 10 KΩ cunha tolerancia do 2%. Que valores serían admisibles?,,Entre 9800 e 10200 Ω,Entre 10000 e 10200 Ω,Entre 9900 e 10100 Ω,Entre 9800 e 10000 Ω,valores resistencias
Teño unha resistencia de 220 Ω cunha tolerancia do 10%. Que valores serían admisibles?,,Entre 198 e 242 Ω,Entre 220 e 242 Ω,Entre 198 e 220 Ω,Entre 209 e 231 Ω,valores resistencias
Que me indica a última franxa de cor dunha resistencia fixa?,,"A súa tolerancia, en %",A voltaxe máxima que pode soportar,Indícame que ese lado vai a positivo,Indícame que ese lado vai a negativo,valores resistencias
Que é a tolerancia dunha resistencia fixa?,,Un indicador do marxe de erro que podo atopar no valor desa resistencia,A porcentaxe de valor desa resistencia en ohmnios,A potencia máxima que poderá disipar esa resistencia en forma de calor,A capacidade da resistencia para tolerar incrementos de voltaxe na súa alimentación.,valores resistencias
"Unha resistencia fixa con máis ohmnios que outra, terá...",,Unhas cores distintas nas súas tres primeiras franxas,Maior tamaño,Unha cor distinta na súa cuarta franxa,"Unha cor distinta no ""corpo"" da resistencia",valores resistencias
Que me di a cor da última banda dunha resistencia fixa?,,A precisión que podo agardar no valor desa resistencia,A potencia que poderá disipar esa resistencia,A porcentaxe de erro que podo agardar respecto á aplicación da Lei de Ohm,"O erro, en porcentaxe, que me podo atopar respecto á lonxitude desa resistencia",valores resistencias
Cal é o compoñente elemental da electrónica dixital?,,O transistor,A resistencia,O condensador,O transmisor,dixital
Cal non é unha porta lóxica?,,TOR,OR,NOR,XOR,dixital
Queres facer unha alarma que salte cando se abre calquera fiestra dunha habitación. Que tipo de portas lóxicas serán a base do teu circuíto?,,OR,AND,NOT,NAND,dixital
"Como funcionará un fecho SR, sabendo que S ven de set e R de reset?",,A entrada S a 1 fará que a saída se poña a 1 e a entrada R que se poña a 0. ,A entrada R a 1 fará que a saída se poña a 1 e se está a 0 a saída será 0,A entrada S a 1 fará que a saída se poña a 0 e a entrada R que se poña a 1.,"A entrada S fará que a saída se poña a 1, independentemente da R.",dixital
"Como funcionará un fecho D, sabendo que ten entradas D (data) e E (enable)?",," Cando E estea a 1, a saída será o estado de D. Se E está a 0, manterá o último estado.","Cando D estea a 1, a saída será o estado de E. Se D está a 0, manterá o último estado","Cando E estea a 0, a saída será o estado de D. Se E está a 1, manterá o último estado.","Cando E estea a 1, a saída será 1 ou 0 dependendo de se D estaba antes a 1 ou se non estaba antes a 1 e si a 0, sempre e cando E siga a estar a 0 ou a 1.",dixital
"Quen publicou en 1854 ""The laws of thought"", o libro que consideramos o inicio da lóxica dixital?",,George Boole,Charles Babbage,William Shockley,Bill Gates,dixital
"En que ano publicou George Boole o libro ""The Laws of Thought"", que consideramos o inicio da lóxica dixital?",,1854,1904,1934,1954,dixital
Que porta lóxica representa este símbolo?,images/notGate.png,NOT,OR,NAND,NOR,dixital
Que porta lóxica representa este símbolo?,images/orGate.png,OR,NOR,AND,XOR,dixital
Que porta lóxica representa este símbolo?,images/andGate.png,AND,NAND,OR,XOR,dixital
Que porta lóxica representa este símbolo?,images/norGate.png,NOR,NOT,OR,XOR,dixital
Que porta lóxica representa este símbolo?,images/nandGate.png,NAND,AND,NOR,NOT,dixital
Que porta lóxica representa este símbolo?,images/xorGate.png,XOR,XNOR,OR,NOR,dixital
Que porta lóxica representa este símbolo?,images/xnorGate.png,XNOR,NOR,OR,XOR,dixital
Que porta lóxica se constrúe con este circuíto?,images/transistorNor.png,NOR,OR,AND,NAND,dixital
Que porta lóxica se constrúe con este circuíto?,images/transistorAnd.png,AND,NAND,OR,XOR,dixital
Que porta lóxica se constrúe con este circuíto?,images/transistorNand.png,NAND,AND,XAND,OR,dixital
Que porta lóxica se constrúe con este circuíto?,images/transistorOr.png,OR,AND,NOR,NAND,dixital
Que porta lóxica se constrúe con este circuíto?,images/transistorNot.png,NOT,NOR,AND,OR,dixital
Que función lóxica se corresponde con esta táboa de verdade?,images/taboaNot.png,NOT,OR,AND,NOR,dixital
Que función lóxica se corresponde con esta táboa de verdade?,images/taboaOr.png,OR,AND,NOR,NOT,dixital
Que función lóxica se corresponde con esta táboa de verdade?,images/taboaAnd.png,AND,OR,NOR,XOR,dixital
Que función lóxica se corresponde con esta táboa de verdade?,images/taboaNor.png,NOR,XNOR,OR,NOT,dixital
Que función lóxica se corresponde con esta táboa de verdade?,images/taboaNand.png,NAND,Ningunha,AND,XOR,dixital
Que función lóxica se corresponde con esta táboa de verdade?,images/taboaXor.png,XOR,XNOR,OR,NAND,dixital
Que función lóxica se corresponde con esta táboa de verdade?,images/taboaXnor.png,XNOR,Ningunha,NAND,XOR,dixital
Que función lóxica se corresponde con esta táboa de verdade?,images/taboaTricky.png,Ningunha,XOR,NOT,AND,dixital
Que función lóxica se constrúe con este circuíto de portas NAND?,images/nandNot.png,NOT,AND,NAND,IF,dixital
Que función lóxica se constrúe con este circuíto de portas NAND?,images/nandOr.png,OR,NOR,AND,XOR,dixital
Que función lóxica se constrúe con este circuíto de portas NAND?,images/nandAnd.png,AND,NOT,XOR,OR,dixital
Que función lóxica se constrúe con este circuíto de portas NAND?,images/nandNor.png,NOR,NOT,XOR,XNOR,dixital
Que función lóxica se constrúe con este circuíto de portas NAND?,images/nandXor.png,XOR,XNOR,NOR,AND,dixital
Que función lóxica se constrúe con este circuíto de portas NAND?,images/nandXnor.png,XNOR,XOR,NOR,NOT,dixital
Este gráfico representa o comportamento dun compoñente... cal?,images/graficoLDR.png,LDR,Termistor,LED,Fotómetro,electronica_analoxica
Como interpretas este gráfico do comportamento dunha LDR?,images/graficoLDR.png,A resistencia da LDR disminúe cando aumenta a intensidade da luz,A resistencia da LDR aumenta cando aumenta a intensidade da luz,"A maior escuridade, menor resistencia da LDR",A resistencia da LDR disminúe cando disminúe a intensidade da luz,electronica_analoxica
Que significa LDR?,,Light Dependant Resistor,Light Diode Resistor,Light Dependant Rectifier,Low Dependant Resistor,electronica_analoxica
Que aplicación cres que podería precisar unha LDR?,,Os faros dun coche que se acenden cando está escuro,As luces dun baño que se acenden cando alguén entra,Un panel solar que carga un móbil,Unha alarma que se desactiva a partir dunha hora da tarde,electronica_analoxica
Que aplicación cres que podería precisar unha LDR?,,"O flash dunha cámara, para saber cando dispararse",Unha lanterna que se carga cun panel solar,As luz que indica unha saída de emerxencia cando hai un lume,"Un termómetro sen contacto, dos de pistola",electronica_analoxica
Que é unha LDR?,,Unha resistencia variable coa luz,Un compoñente que xenera intensidade a partir da resistencia da luz,Unha resistencia que emite luz,Unha resistencia que produce corrente cando lle dá a luz,electronica_analoxica
Como chamamos tamén ás LDR?,,Fotorresistencias,Placas fotovoltaicas,Diodos emisores de luz,Lumorresistencias,electronica_analoxica
Como coñecemos tamén ás fotorresistencias?,,LDR,LED,LRD,LDL,electronica_analoxica
Cal é falsa para unha fotorresistencia?,,"Canta máis luz reciben, máis resistencia teñen",Tamén se chaman LDR,Son resistencias variables,Pódense empregar nun circuíto detector de escuridade,electronica_analoxica
Que é un termistor?,,Unha resistencia variable coa temperatura,Unha resistencia que se quenta ao recibir corrente,Unha resistencia que emite calor ao recibir corrente,Unha resistencia que só funciona a unha determinada temperatura,electronica_analoxica
Que tipos de termistor existen?,,Os de coeficiente positivo (PTC) e os de coeficiente negativo (NTC),Os de coeficiente proporcional (PTC) e os de coeficiente inverso (ITC),Os de coeficiente puro (PTC) e os de coeficiente impuro (ITC),Os de coeficiente regular (RTC) e os de coeficiente disperso (DTC),electronica_analoxica
Con que tipo de termistor se correspondería este gráfico?,images/graficoTermistorPTC.png,Cun termistor de coeficiente positivo (PTC),Cun termistor de coeficiente negativo (NTC),Non se correspondería cun termistor,Con calquera dos tipos de termistor,electronica_analoxica
Que representa este gráfico?,images/graficoTermistorPTC.png,Que este compoñente presenta máis resistencia canta máis temperatura,Que este compoñente presenta máis resistencia canta menos temperatura,Que este compoñente presenta máis temperatura canta menos resistencia,Que este compoñente proporciona máis resistencia a temperaturas baixas,electronica_analoxica
Con que tipo de termistor se correspondería este gráfico?,images/graficoTermistorNTC.png,Cun termistor de coeficiente negativo (NTC),Cun termistor de coeficiente positivo (PTC),Non se correspondería cun termistor,Con calquera dos tipos de termistor,electronica_analoxica
Que representa este gráfico?,images/graficoTermistorNTC.png,Que este compoñente presenta máis resistencia canta menos temperatura,Que este compoñente presenta máis resistencia canta máis temperatura,Que este compoñente presenta máis temperatura canta máis resistencia,Que este compoñente proporciona máis resistencia a temperaturas altas,electronica_analoxica
Que compoñente representa este símbolo?,images/analog-LDR-symbol.png,Unha LDR,Un termistor,Unha resistencia emisora de luz,Unha fotocélula,electronica_analoxica
Que compoñente representa este símbolo?,images/analog-thermistor-symbol.png,Un termistor,Unha LDR,unha resistencia térmica,un potenciómetro,electronica_analoxica
Que compoñente representa este símbolo?,images/analog-potentiometer-symbol.png,un potenciómetro,un termistor,Un transistor,Unha resistencia reversible,electronica_analoxica
Que compoñente representa este símbolo?,images/analog-polarizedCapacitor-symbol.png,Un condensador polarizado,Un condensador no polarizado,Unha pila ou batería,Un condensador de fluzo,electronica_analoxica
Que compoñente representa este símbolo?,images/analog-capacitor-symbol.png,Un condensador non polarizado,Un condensador polarizado,Unha pila ou batería,Unha toma de terra,electronica_analoxica
Que compoñente representa este símbolo?,images/analog-npnTransistor-symbol.png,Un transistor,Un transmisor,Un potenciómetro,Unha resistencia triple,electronica_analoxica
Que compoñente representa este símbolo?,images/analog-npnTransistor-symbol.png,Un transistor NPN,Un transistor PNP,Un par darlington,Un transistor en activa,electronica_analoxica
Que compoñente representa este símbolo?,images/analog-pnpTransistor-symbol.png,Un transistor PNP,Un transistor NPN,Un par darlington,Un tiristor,electronica_analoxica
"No seguinte circuíto, que veremos no LED cando aumente a luz que incide sobre a LDR?",images/analog-LDR-series-LED.png,Emitirá máis luz,Emitirá menos luz,Non sufrirá ningunha variación,Dependerá do valor da resistencia fixa,electronica_analoxica
"No seguinte circuíto, que veremos no LED cando aumente a luz que incide sobre a LDR?",images/analog-LDR-parallel-LED.png,Emitirá menos luz,Emitirá máis luz,Non sufrirá ningunha variación,Dependerá do valor da resistencia fixa,electronica_analoxica
Cal é certa para o circuíto da figura?,images/analog-LDR-series-LED.png,O LED terá máis brillo canta máis luz lle chegue á LDR,A LDR presentará máis resistencia ao chegarlle máis luz,A LDR producirá máis enerxía ao chegarlle máis luz,"Ao dar máis luz sobre o LED, este iluminará máis.",electronica_analoxica
Cal é certa para o circuíto da figura?,images/analog-LDR-parallel-LED.png,O LED alumeará con máis intensidade canta menos luz teña a LDR,O LED alumeará con máis intensidade canta máis luz teña o LDR,O LDR alumeará máis canta máis luz haxa no circuíto,"Canta máis luz reciba o LED, menos alumeará.",electronica_analoxica
Cal é falsa para o circuíto da figura?,images/analog-LDR-parallel-LED.png,"Canta máis luz reciba a LDR, menos intensidade a atravesará",Canta máis luz reciba a LDR menos alumeará o LED,"Canta máis luz reciba a LDR, menos intensidade circulará polo LED","Canta máis luz reciba a LDR, menos resistencia presentará",electronica_analoxica
Cal é falsa para o circuíto da figura?,images/analog-thermistorNTC-parallel-resistor.png,"A maior temperatura no termistor, máis intensidade circulará por R2","A menor temperatura no termistor, máis resistencia ofrecerá","A menor temperatura no termistor, máis intensidade circulará por el","A maior temperatura no termistor, menor voltaxe haberá no punto a",electronica_analoxica
Cal é certa para o circuíto da figura?,images/analog-thermistorPTC-parallel-LED.png,"A maior temperatura no termistor, máis alumeará o LED","A maior temperatura no termistor, menos intensidade circulará polo LED",A intensidade que circula polo LED non dependerá da temperatura,A resistencia do termistor será menor canta maior sexa a súa temperatura,electronica_analoxica
Cal é certa para o circuíto da figura?,images/analog-thermistor-series-LED.png,"A maior temperatura no termistor, menos alumeará o LED","A maior temperatura no termistor, máis intensidade circulará polo circuíto",O circuíto non funcionará a altas temperaturas,A resistencia do termistor será baixa a altas temperaturas,electronica_analoxica
Que fará o seguinte circuíto?,images/analog-pot-series-LED.png,Movendo o potenciómetro poderei controlar a intensidade que pasa polo LED,"Non funcionará, por non estar conectado o terminal 1",A resistencia entre 1 e 3 variará ao mover o mando do potenciómetro,"O LED sempre alumeará o mesmo, por non estar conectado ao terminal variable",electronica_analoxica
Cal é falsa para o circuíto da figura?,images/analog-pot-parallel-LED.png,A intensidade que pasa por -a- depende da posición do mando,A resistencia do potenciómetro entre o terminal 1 e o terminal 3 é sempre a mesma,A intensidade que pase polo LED dependerá da posición do potenciómetro,"Nun dos extremos do potenciómetro, o LED debera apagar",electronica_analoxica
Cal é falsa para o potenciómetro?,images/analog-potentiometer-symbol.png,A resistencia entre 1 e 3 depende da posición do mando,A resistencia entre 1 e 2 depende da posición do mando,A resistencia entre 2 e 3 depende da posición do mando,A resistencia entre 1 e 2 é alta nas posicións nas que a resistencia entre 1 e 2 é baixa,electronica_analoxica
Cal é certa para o circuíto da figura?,images/analog-pot-series-LED-tricky.png,Sempre pasará a mesma intensidade polo LED,"Ao mover o mando do potenciómetro, poderei regular a luz do LED","Movendo o mando do potenciómetro, regularei a intensidade polo LED",A voltaxe que cae no potenciómetro variará ao mover o seu mando,electronica_analoxica
En que aplicación NON atopas un potenciómetro?,,Na roda de sintonizar as canles dunha radio antigua (dial),No mando de volume dun altofalante,No joystick do mando dunha videoconsola,No regulador de intensidade dunha lámpada,electronica_analoxica
Como lles chamamos ás resistencias variables manualmente?,,Potenciómetros,Resistores,Resistómetros,Mandos,electronica_analoxica
Que é un potenciómetro?,,Unha resistencia variable manualmente,Un medidor de potencia,Un regulador de potencia,Un mando que xira,electronica_analoxica
Que é un díodo?,,Un compoñente que permite o paso da corrente nun sentido e o impide noutro.,Un compoñente que emite luz cando é atravesado pola corrente,Un compoñente que pode almacenar carga eléctrica,Os compoñentes que teñen ánodo e cátodo,electronica_analoxica
Que tipo de material é o principal na construción dun díodo?,,Os semicondutores,Os supercondutores,Os condutores,Os metacondutores,electronica_analoxica
Cal é falsa para os díodos?,,Todos eles emiten luz,Todos impiden o paso da corrente nun sentido,Todos teñen un terminal negativo e outro positivo,Todos teñen polaridade,electronica_analoxica
Que compoñente é este?,images/analog-diode-pic.png,Un díodo rectificador,Un condensador,Un transistor,Un semicondutor,electronica_analoxica
Cales son os usos principais dun díodo rectificador?,,Protexer circuítos e transformar corrente alterna en continua,Regular a intensidade de corrente nos circuítos,Proporcionar corrente alterna a un circuíto,Rectificar a intensidade alterna do circuíto,electronica_analoxica
A que se corresponden as iniciais de LED?,,Light Emitting Diode,Light Enabled Diode,Light Exclusive Diode,Light Enhanced Diode,electronica_analoxica
Cal é o fenómeno polo cal un LED emite luz?,,Electroluminiscencia,Incandescencia,Fluorescencia,Electroinductancia,electronica_analoxica
Cal é a principal vantaxe dos LED fronte as lámpadas clásicas?,,A mellor eficiencia enerxética,A gran variedade de cores dispoñibles,O seu reducido tamaño,A súa maior potencia lumínica,electronica_analoxica
Cal é falsa para un LED do tipo da imaxe?,images/analog-LED-drawing.png,A plaquiña máis grande que se ve ao trasluz cadra co terminal positivo,O terminal máis longo vai a positivo,O encapsulado está recortado no lado negativo,O LED non alumeará se non conectamos ben os seus terminais,electronica_analoxica
Que compoñente representa este símbolo?,images/analog-diode-symbol.png,Un díodo rectificador,Un LED,Un transistor,Un termistor,electronica_analoxica
Que compoñente representa este símbolo?,images/analog-LED-symbol.png,Un LED,Un díodo rectificador,Unha LDR,Un condensador,electronica_analoxica
Cal será o valor óptimo para a resistencia que protexe ao LED?,images/analog-findR-led-12V3V10ma.png,900 Ω,300 Ω,1200 Ω,30 Ω,electronica_analoxica
Cal será o valor óptimo para a resistencia que protexe ao LED?,images/analog-findR-led-12V3V-20ma.png,450 Ω,150 Ω,45 Ω,"0,45 Ω",electronica_analoxica
Cal será o valor óptimo para a resistencia que protexe ao LED?,images/analog-findR-led-6V3V20ma.png,150 Ω,300 Ω,600 Ω,100 Ω,electronica_analoxica
Cal será o valor óptimo para a resistencia que protexe ao LED?,images/analog-findR-led-5v1v820mA.png,160 Ω,220 Ω,330 Ω,non fai falla resistencia,electronica_analoxica
Cal será o valor óptimo para a resistencia que protexe ao LED?,images/analog-findR-led-5V3V320mA.png,85 Ω,415 Ω,340 Ω,non fai falla resistencia,electronica_analoxica
Cal será o valor óptimo para a resistencia que protexe ao LED?,images/analog-findR-led-3V33V320mA.png,non fai falla resistencia,85 Ω,170 Ω,330 Ω,electronica_analoxica
Cal será o valor óptimo para a resistencia que protexe ao LED?,images/analog-findR-led-3V33V310mA.png,non fai falla resistencia,85 Ω,"42,5 Ω",64 Ω,electronica_analoxica
Cal será o valor óptimo para a resistencia que protexe aos LED?,images/analog-findR-2led-12V3v20mA.png,150 Ω,non fai falla resistencia,450 Ω,300 Ω,electronica_analoxica
Cal será o valor óptimo para a resistencia que protexe aos LED?,images/analog-findR-3led-12V3V20mA.png,150 Ω,non fai falla resistencia,450 Ω,75 Ω,electronica_analoxica
Cal será o valor óptimo para a resistencia que protexe aos LED?,images/analog-findR-3led-9V3V20mA.png,non fai falla resistencia,300 Ω,150 Ω,450 Ω,electronica_analoxica
Cal será o valor óptimo para a resistencia que protexe aos LED?,images/analog-findR-2led-6V2V10ma.png,200 Ω,non fai falla resistencia,"0,2 Ω",400 Ω,electronica_analoxica
Cal será o valor óptimo para a resistencia que protexe aos LED?,images/analog-findR-2led-6V3V10mA.png,non fai falla resistencia,300 Ω,600 Ω,100  Ω,electronica_analoxica
Que problema presentará este circuíto?,images/analog-led-differentCurrent.png,Non é recomendable mesturar leds que precisan diferentes intensidades,Non é recomendable mesturar leds que precisan diferentes voltaxes,A resistencia é demasiado pequena,Os leds terían que ir en paralelo,electronica_analoxica
Cal é a principal función dos condensadores?,,Almacenar carga eléctrica,Xenerar corrente eléctrica,Aumentar a duración dunha pila,Almacenar capacidade de corrente eléctrica,electronica_analoxica
Cales son os tipos principais de condensadores?,,Polarizados e non polarizados,Electrolíticos e polarizados,Cerámicos e non polarizados,Cerámicos e electrolíticos,electronica_analoxica
Cales son os condensadores polarizados máis comúns?,,Electrolíticos,Cerámicos,De poliéster,Dieléctricos,electronica_analoxica
Cales son os condensadores non polarizados máis comúns?,,Cerámicos,Electrolíticos,Dieléctricos,Capacitores,electronica_analoxica
Que compoñente é este?,images/analog-capacitor-electrolitic-pic.jpg,Un condensador electrolítico,Un condensador cerámico,Un díodo,Un transistor,electronica_analoxica
Que quere dicir que un condensador teña escrito - 16V- sobre el?,,Que soportará un máximo de 16V de tensión,Que precisa un mínimo de 16 V para funcionar,Que o funcionamento óptimo se dá a 16 V,"Que, en condicións normais, proporcionará 16V",electronica_analoxica
Cal é a unidade na que se mide a capacidade dun condensador?,,Faradios,microFaradios,picoFaradios,Todas son correctas,electronica_analoxica
Cal é a unidade na que se mide a capacidade dun condensador?,,Faradios e os seus múltiplos,Henrios e os seus múltiplos,Cosmios e os seus múltiplos,Hertzios e os seus múltiplos,electronica_analoxica
Como se chama o material que separa as dúas capas dun condensador?,,Dieléctrico,Eléctrico,Faradio,Semicondutor,electronica_analoxica
Cal condensador tardará máis en descargarse?,images/analog-capacitors-timeDischargeR.png,O do circuíto -d-,O do circuíto -a-,O do circuíto -b-,O do circuíto -c-,electronica_analoxica
Cal condensador tardará menos en descargarse?,images/analog-capacitor-timeDischargeC.png,O do circuíto -d-,O do circuíto -a-,O do circuíto -b-,O do circuíto -c-,electronica_analoxica
Cal condensador tardará máis en descargarse?,images/analog-capacitor-timeDischargeCR.png,O do circuíto -c-,O do circuíto -a-,O do circuíto -b-,O do circuíto -d-,electronica_analoxica
Cal é a capacidade total deste circuíto?,images/analog-capacitors-parallel.png,10 uF,6 uF,"2,4 uF",24 uF,electronica_analoxica
